3725.45,3743.39,3583.02,5582489560,3601.01
3652.38,3758.53,3652.38,5955691380,3728.57
3677.99,3682.52,3637.08,5002961727,3657.84
3651.87,3680.14,3621.96,5464420383,3678.56
3631.51,3685.78,3624.67,5394457145,3655.01
3704.22,3720.15,3619.95,5537192302,3630.68
3557.31,3727.84,3552.29,5651384490,3706.05
3658.87,3674.76,3544.93,4681302466,3552.95
3686.97,3698.98,3653.81,4778170883,3661.3
3674.02,3713.88,3653.07,5538712865,3687.37
4034.41,4064.07,3659.17,6874143796,3678.92
4031.55,4068.4,4022.66,5115905225,4035.3
4028.47,4109.02,3996.96,5306593305,4030.85
4078.59,4092.61,4020.89,5228625637,4025.25
3836.52,4093.3,3826.51,5597027440,4076.63
3851.97,3904.9,3836.9,5137609824,3845.19
3832.04,3865.93,3783.85,4847965467,3857.72
3931.05,3935.69,3826.22,4530215219,3836.74
3849.22,3947.98,3817.41,5244856836,3943.41
3746.71,3850.91,3707.23,4324200990,3843.52
3866.84,3868.74,3725.87,4661840806,3742.7
3822.38,3901.91,3797.22,4770578575,3865.95
3932.49,3963.76,3820.41,4991655917,3820.41
3653.13,3956.14,3642.63,5631554348,3923.92
3854.69,3874.42,3645.45,5130222366,3654.83
3819.67,3893.36,3769.86,5326547918,3857.3
4081.03,4089.56,3760.02,6158207293,3815.49
4000.33,4271.79,4000.33,7240968501,4078.6
4020.99,4085.72,3976.41,6151275490,3998.98
3898.08,4014.18,3855.74,5605823233,4014.18
4133.7,4198.43,3850.95,7206015706,3896.54
3742.2,4191.23,3728.97,8927129279,4134.44
3706.82,3949.32,3687.23,6810689119,3745.95
3544.76,3701.35,3487.17,5911325473,3696.06
3253.12,3597.92,3253.12,5409247918,3545.86
3236.27,3305.75,3233.82,3744248994,3252.84
3244,3275.38,3191.3,3551763561,3236.76
3311.75,3329.56,3206.54,4372763663,3242.48
3487.88,3489.74,3298.13,4343372456,3313.68
3421.46,3534.23,3413.48,4139364829,3486.95
3497.55,3513.18,3392.25,4696765188,3424.59
3612.05,3647.33,3470.14,5020968740,3502.66
3473.23,3685.31,3469.09,4947372847,3614.23
3421.91,3506.04,3350.65,5305024497,3476.11
3512.59,3512.59,3280.23,6835615448,3419.94
3754.07,3874.97,3521.1,5878333109,3521.1
3958.89,3969.54,3753.99,5302481574,3753.99
3886.29,4075.63,3832.75,5028069239,3956.89
4147.32,4155.98,3840.45,5089570994,3894.13
4200.73,4301.52,4110.98,5262697895,4139.88
4024.46,4309.38,3969.71,5375314093,4214.67
4289.09,4322.98,3942.82,6048016717,4017.27
4269,4413.02,4145.77,6503347767,4278.85
3822.47,4385.9,3822.47,7280280000,4257.42
3765.95,3862.96,3661.01,5998720000,3820.72
4015.07,4107.14,3643.92,6476900000,3779.13
3880.78,4120.87,3585.06,6825640000,4009.97
4347.69,4413.09,3795.16,4679500000,3880.76
4360.7,4396.42,4195.68,4871490000,4347.11
4611.57,4629.64,4365.64,4569370000,4365.94
4465.54,4675.73,4343.98,6120120000,4602.17
4863.93,4951.61,4272.11,8428290000,4451.87
5620.78,5620.78,4842.91,7039560000,4871.49
5559.74,5653.61,5559.74,4159680000,5623.54
5578.58,5578.58,5519.56,4303150000,5554.33
5645.32,5657.02,5498.94,5279320000,5575.55
5736.15,5774.82,5358.38,7032140000,5648.03
6351.24,6371.55,5544.09,7398940000,5738.35
6373.19,6395.27,6342.67,4503800000,6359.49
6411.76,6434.21,6360.47,4295770000,6371.27
6413.63,6423.25,6350.17,3939060000,6411.27
6386.13,6437.28,6385.31,3705320000,6409.22
6442.6,6456.46,6373.37,4346820000,6385.62
6522.27,6536.92,6438.53,4665260000,6453.72
6468.5,6552.16,6468.31,4941260000,6530.14
6433.38,6463.55,6408.16,4700040000,6461.01
6363.62,6480.59,6363.62,4174800000,6419.66
6365.47,6388.63,6294.57,4390020000,6376.13
6387.24,6400.07,6342.37,3658640000,6361.26
6378.92,6396.86,6327.38,4234870000,6388.44
6318.14,6547.14,6311.83,3789400000,6377.78
6336.99,6349.16,6316.88,4191240000,6317.61
6337.04,6364.99,6310.14,3781100000,6334.27
6492.35,6503.6,6306.99,4199910000,6332.63
6482.66,6502.28,6447.91,3445190000,6486.39
6480.84,6507.41,6453.53,3393250000,6480.38
6468.44,6498.29,6449.61,3306050000,6474.75
6484.65,6504.65,6447.03,3230550000,6476.29
6478.89,6521.99,6468.86,3424670000,6495.84
6472.36,6506.01,6451.27,3716150000,6475.74
6486.05,6543.8,6462.98,3672860000,6487.16
6490.09,6556.38,6476,3253610000,6482.35
6460.92,6497.72,6449,3379130000,6489.19
6478.07,6493.68,6445.31,3578870000,6465.41
6542.33,6567.54,6450.04,3924080000,6476.71
6590.52,6601.21,6517.45,4088420000,6544.43
6601.41,6673.59,6571.37,4074800000,6596.11
6292.64,6965.06,6258.68,7370770000,6596.54
6288.49,6363.21,6280.15,3085320000,6290.93
6278.08,6308.51,6259.81,3064030000,6285.99
6239.25,6328.5,6236.47,3783500000,6274.58
6586.74,6586.74,6243.74,5181640000,6256.24
6640.29,6640.29,6538.96,3787650000,6585.53
6653.08,6661.41,6606.94,3580810000,6642.64
6600.19,6675.06,6576.04,3979460000,6652.23
6590.68,6641.49,6557.04,3306630000,6602.95
6622.45,6628.54,6577.8,3259740000,6588.31
6574.15,6623.62,6557.41,3671500000,6622.48
6497.91,6603.31,6497.91,3838410000,6576.69
6553.86,6571.46,6454.03,3887310000,6502.59
6593.24,6611.84,6537.9,3979260000,6556.1
6619.85,6653.3,6549.08,4000970000,6589.62
6604.71,6643.78,6566.54,4002280000,6625.56
6643.1,6643.1,6511.65,4363690000,6601.96
6678.75,6785.03,6598.32,5014430000,6644.13
6495.29,6712.1,6464.95,4606810000,6676.75
6452.79,6585.91,6397.89,4437300000,6495
6603.64,6603.64,6381.86,4726180000,6446.47
6704.77,6713.56,6580.9,4177310000,6595.41
6715.32,6766.15,6679.42,4197500000,6710.63
6735.05,6814.56,6616.8,4509660000,6721.98
6513.87,6794.33,6496.36,6531940000,6734.95
6398.85,6529.26,6395.95,4348110000,6519.67
6371.85,6448.46,6208.34,4431340000,6398.54
6280.91,6384.18,6265.71,4180090000,6371.3
6514.06,6540.21,6257.52,3910780000,6281.2
6536.68,6544.33,6460.1,3273730000,6517.18
6509.4,6561.72,6493.55,3216300000,6543.2
6515.41,6596.1,6456.17,4076220000,6512.71
6354.24,6535.41,6354.24,4210910000,6517.31
6317.01,6363.87,6265.09,4064230000,6351.8
6331.88,6398.92,6260.21,3849910000,6321.2
6301.57,6374.98,6292.76,3714100000,6329.7
6223.38,6446.26,6201.22,3671890000,6300.86
6460.17,6534.25,6197.52,3835060000,6225.98
6528.92,6555.29,6396.87,4264680000,6467.07
6755.14,6755.14,6404.72,5523470000,6529.17
7361.46,7388.43,6792.83,5800460000,6792.83
7263,7388.26,7255.44,4273640000,7361.66
7279.03,7317.94,7208.15,4087760000,7260.06
7189.58,7306.31,7132.16,4329540000,7272.72
7044.81,7242.29,7038.05,4116050000,7193.25
6973.97,7057.17,6920.16,4495650000,7037.58
7043.76,7072.69,6834.69,4463250000,6978.23
7091.71,7113.3,6970.82,4145880000,7047.16
6891.08,7109.56,6882.34,4659940000,7096.28
6710.8,6884.64,6689.71,4019000000,6884.64
6754.64,6774.75,6620.75,3295500000,6707.26
6719.95,6789.63,6700.96,3312600000,6763.19
6551.52,6719.96,6498.64,4097820000,6719.96
6371.34,6546.54,6371.34,3426180000,6534.88
6486.25,6816.79,6310.11,4668110000,6376.71
6301.07,6500.87,6298.24,3377180000,6488.76
6500.51,6536.92,6297.93,3665100000,6308.53
6422.57,6537.98,6361.55,3311170000,6506.07
6583.43,6617.35,6353.73,3984520000,6423.76
6340.91,6582.5,6324.97,4992990000,6580.63
6294.23,6473.5,6276.41,4328420000,6334.73
6221.42,6588.49,6221.42,4895450000,6308.52
6287.66,6287.94,5971.05,5301700000,6199.71
6341.36,6537.05,6225.72,4083980000,6297.57
6283.65,6409.85,6237.5,5665250000,6322.69
6185.79,6455.74,6109.03,4047850000,6295.73
6571.42,6591.26,6124.52,4528680000,6184.71
6305.56,6625.73,6249.07,4267040000,6568.23
6746.85,6746.85,6226.22,5064430000,6305.8
6958.32,7146.56,6748.24,4682800000,6753.12
7062.94,7166.55,6890.54,3925900000,6951.8
7031.08,7102.77,6940.7,3679110000,7068.48
7438.67,7497.49,6984.07,4268390000,7032.85
7562.14,7562.14,7328.65,4627150000,7434.39
7634.19,7712.77,7523.44,4214110000,7567.15
7769.04,7769.04,7504.95,4797620000,7624.91
8181.2,8181.53,7696.93,5287530000,7780.44
8221.58,8235.5,7917.5,5551400000,8180.48
8205.82,8272.26,8141.18,4107190016,8218.46
8169.06,8222.85,8110.77,3988750080,8192.15
7950.4,8262.66,7839.76,5195879936,8165.01
8176.85,8290.33,7878.71,4899089920,7951.58
8379.66,8416.87,8086.36,5845400064,8181.39
7716.51,8424.27,7705.5,7277689856,8424.27
7414.71,7771.5,7409.1,5132480000,7711.11
7417.8,7537.95,7383.82,3695460096,7418.49
7352.72,7437.64,7262.41,3726609920,7419.29
7467.4,7594.67,7323.26,4936869888,7354.13
7378.2,7494.46,7295.46,5111629824,7466.86
7315.32,7534.99,7280.47,6103410176,7370.78
6739.65,7387.24,6684.17,5961950208,7321.04
6357.01,6741.75,6357.01,4725799936,6741.75
6272.7,6403.46,6256.51,3285459968,6359.64
6247.5,6298.19,6212.22,2923670016,6276.12
6235.03,6310.55,6192.24,3805400064,6238.05
6396.78,6397.1,6136.42,3770170112,6228.81
6330.77,6444.96,6330.47,3644859904,6394.71
6739.21,6767.74,6320.72,4052430080,6329.95
6775.08,6838.68,6724.34,3718129920,6741.75
6857.8,6885.91,6747.98,3386210048,6773.88
6668.71,6863.99,6579.24,3961080064,6856.93
6638.69,6700.94,6533.55,4313959936,6673.5
6599.71,6749.54,6546.65,4999240192,6639.14
6550.87,6771.92,6450.46,4176689920,6597.55
6596.66,6671.37,6447.75,4672309760,6529.59
6380.38,6683.86,6305.7,4396930048,6614.18
6411.68,6432.85,6289.29,4788259840,6385.82
6214.22,6465.51,6214.22,4543860224,6404
5898.13,6261.66,5835.75,3966230016,6218.3
6153.16,6170.41,5873.05,3467800064,5903.44
6084.4,6180,6052.85,3296219904,6157.13
6253.55,6290.16,6093.67,3279759872,6093.67
6171.97,6327.37,6119.68,5500810240,6249.18
6164.28,6223.78,5826.41,4566909952,6173.23
6090.1,6224.82,6071.81,3431360000,6162.48
6737.88,6747.08,6006.6,5079810048,6083.69
6780.09,6810.94,6715.17,3529129984,6729.74
6770.76,6821.56,6611.88,3888640000,6776.55
6742.39,6822.5,6709.92,4057029888,6769.94
6510.07,6781.14,6446.68,4039200000,6734.82
6545.53,6589.11,6499.27,3104019968,6499.27
6455.45,6592.49,6402.29,3194170112,6550.16
6674.08,6681.08,6433.87,3955389952,6456.58
6342.75,6707.14,6334.46,5138710016,6675.35
6596.88,6631.66,6285.63,5052349952,6349.9
6905.82,6907.96,6542.08,4654380032,6582.36
6799.29,6910.18,6706.63,4745269760,6906.92
7499.55,7499.55,6709.07,5804839936,6786.02
7632.52,7683.58,7531.98,3845220096,7531.98
7685.14,7698.19,7558.4,4227579904,7624.92
7650.82,7741.27,7650.82,4485799936,7678.24
7625.97,7680.43,7502.01,4692259840,7653.98
7500.9,7643.23,7397,4961739776,7633.76
7722.53,7753.82,7474.04,4993169920,7514.47
7632.09,7754.89,7613.04,4851760128,7720.25
7536.72,7695.83,7497.26,4939299840,7643.45
7500.7,7604.73,7407.34,4921460224,7541.45
7406.15,7608.9,7361.13,5127130112,7494.17
7469.73,7573.77,7313.6,4922540032,7406.52
7129.46,7526.42,7090.68,5662660096,7472.59
7371.31,7419.05,7100.89,5040600064,7135.99
7362.08,7381.74,7270.96,4056519936,7368.22
7486.48,7595.16,7349.12,4051539968,7355.88
7592.3,7659.14,7392.65,4867829760,7480.14
7561.12,7738.6,7331.14,6049220096,7587.34
8037.08,8054.66,7507.88,6491120128,7557.82
8419.87,8423.25,8004.58,5137010176,8041.78
8522.33,8557.52,8365.12,5154990080,8418.99
8246.99,8562.41,8205.24,5191059968,8513.25
8255.73,8372.06,8183.35,4712399872,8247.18
8091.83,8274.12,7974.82,5764190208,8250.97
8370.05,8445.54,8054.12,5862530048,8094.32
8504.41,8508.43,8175.49,6760220160,8368.83
8705.19,8836.19,8456.45,6705710080,8510.38
8713.1,8881.12,8367.97,7364149760,8716.79
8515.49,8773.55,8395.12,5866379776,8723.94
8441.44,8664.86,8223.5,6821380096,8504.89
9052.96,9052.96,8394.46,8488520192,8441.49
9325.96,9396.04,9040.52,6906699776,9043.94
9223.73,9374.76,9031.62,7226890240,9325.18
9380.87,9462.75,9127.77,7415869952,9234.82
9645.67,9665.85,9231.53,7394019840,9373.01
9845.31,9940.14,9465.25,7222280192,9654.8
9700.28,9964.5,9695.12,7651939840,9858.15
9695.5,9779.2,9585.96,8217829888,9700.76
9233.97,9798.33,9188.15,10207299584,9743.86
9104.6,9256.52,9015.14,7558159872,9235.92
9251.47,9255.88,8891.05,7713019904,9119.01
9426.11,9477.14,9166.81,8673920000,9240.55
9346.41,9531.49,9193.71,8853000192,9419.08
8939.27,9412.09,8931.99,7805479936,9348.48
9290.63,9375.47,8987.05,7566289920,8987.05
8867.32,9281.51,8727.09,8970559488,9281.51
9701.03,9745.32,8799.84,11083100160,8845.74
8934.34,9732.61,8927.83,10678800384,9697.5
8794.39,8958.55,8788.81,6925190144,8930.88
8925.06,9001.64,8779.61,6629899776,8802.46
8848.79,8997.57,8652.15,7548550144,8895.58
8286.88,8880.23,8244.54,8438110208,8845.83
8159.27,8298.69,8138.78,7063209984,8294.31
7944.43,8197.8,7886.01,6529909760,8163.42
8071.66,8285.96,7881.72,6900879872,7902.09
8337.57,8371.15,7925.73,5631309824,8058.67
7999.33,8338.42,7999.33,5244480000,8329.11
7874.67,8140.71,7846,5191430144,7986.24
7901.09,8183.96,7758.93,7764460032,7895.96
6955.38,7899.23,6806.51,8906250240,7889.25
6843.47,6968.32,6817.59,4641889792,6968.32
6795.44,6872.41,6704.15,4272750080,6834.76
7044.32,7178.11,6661.99,4894060032,6770.73
6919.98,7111.56,6919.98,3652499968,7023.52
6630.51,7050.54,6630.51,3976610048,6911.09
6815.96,6857.49,6575,3766810112,6636.32
6848.65,6933.82,6644.8,5639320064,6811.47
7456.41,7469.88,6803.88,4936000000,6853.84
7102.26,7530.94,7072.49,5499700224,7456.11
6844.86,7135.47,6816.58,4333440000,7083.8
7003.06,7060.95,6526.87,4532100096,6844.23
6892.48,7207.85,6863.52,4553269760,6973.53
7171.45,7276.66,6683.93,6289509888,6890.52
7979.07,7994.33,7081.38,6361229824,7165.7
7836.83,8122.89,7809.17,4935289856,7954.48
8200,8232.78,7797.28,5378250240,7833.04
8498.47,8530.08,7921.43,5921039872,8209.4
8612.81,8682.01,8449.1,4569880064,8495.78
8901.95,8996.18,8665.7,5664600064,8668.12
8736.25,8879.62,8360.62,5954120192,8879.62
8939.44,9100.71,8564.9,5530390016,8728.47
8937.48,9177.37,8846.33,6043129856,8929.28
8619.67,9051.02,8389.89,6361789952,8913.47
8344.12,8675.87,8182.4,6729110016,8630.65
7890.52,8245.51,7397.99,6639190016,8223.68
8321.91,8346.53,7812.82,4426149888,7916.88
8322.91,8585.15,8005.31,5289379840,8338.35
8290.76,8428.35,7783.05,6834429952,8300.86
9214.65,9355.85,8068.59,6438230016,8269.81
9173.04,9470.38,8958.19,5991139840,9194.85
9602.93,9937.5,8956.43,6457399808,9205.12
8852.78,9711.89,8607.12,6296370176,9578.63
9350.59,9531.32,8828.47,5386319872,8866
9414.69,9466.35,8513.03,8704190464,9337.55
9951.44,10147.4,9335.87,7186089984,9395.01
10803.9,10929.5,9692.12,8797910016,9965.57
11500.1,11500.1,10694.3,6832169984,10779.9
11532.4,11704.1,11443.9,6468539904,11573.3
11497.4,11512.6,11136.1,6084149760,11512.6
11101.9,11528.2,11002.4,6690570240,11489.7
10977.4,11189,10850.1,7620590080,11086.4
10385,11052.3,10352.7,7317279744,10951
10687.2,11089.8,10393.1,6936189952,10397.9
10393.9,10878.5,10246.1,6966179840,10725.6
9669.43,10475,9501.73,7287690240,10366.7
9796.42,9923.22,9407.06,5706939904,9664.73
10287.7,10597.2,9546.97,6917929984,9813.07
9937.07,10487.3,9734.56,7739500032,10301.1
10660.4,11039.1,9939.09,8040079872,10005
11372.2,11418.5,10479.1,9405339648,10690.4
11231.8,11958.5,11231.8,9926540288,11403.7
10552.6,11273.8,10513.2,7652089856,11225.3
11123.4,11349.8,10326,8744009728,10551.8
10207.5,11139.5,10149.4,8660880384,11112.7
10135.7,10324.1,9824.82,7296159744,10233.9
9488.32,10234.8,9395.58,9062540288,10166.4
8599.92,9518.54,8599.92,7909819904,9494.63
8926.72,8958.47,8455.41,5696719872,8598.31
8141.43,8985.92,8141.43,6256439808,8926.57
8616.13,8616.13,7931.1,6122189824,8129.97
8720.08,9122.55,8295.47,7780960256,8621.9
8271.84,8736.98,7884.71,6784820224,8736.98
7637.86,8558.77,7637.86,9346750464,8265.59
7755.49,8509.11,7236.79,9169280000,7621.3
7051.75,7850.7,6048.26,13999800320,7754
8270.54,8364.84,6756.68,9285289984,6955.27
9175.7,9334.87,8031.22,7073549824,8277.01
8852.12,9430.75,8251.63,7263790080,9174.91
9142.28,9142.28,7796.49,12726899712,8830.75
10237.3,10288.8,8812.28,9959400448,9170.54
10108.2,10381.6,9777.42,8041160192,10221.1
11306.8,11307.2,10036.2,8637859840,10106.3
11755.5,11875.6,11179.2,7107359744,11296.4
11475.3,12040.3,11475.3,8350360064,11786.3
11174.9,11614.9,10989.2,7583269888,11440.7
11256,11656.7,10470.3,9746199552,11171.4
11421.7,11785.7,11057.4,8873169920,11259.4
10903.4,11501.4,10639.8,9940989952,11359.4
10944.5,11377.6,10129.7,9660609536,10868.4
11633.1,11966.4,10240.2,10537400320,10931.4
12889.2,12895.9,11288.2,9935179776,11600.1
11656.2,13103,11656.2,11801700352,12899.2
11429.8,11992.8,11172.1,10740400128,11607.4
11198.8,12107.3,10942.5,15020399616,11474.9
11431.1,11678,9402.29,18830600192,11188.6
13836.1,13843.1,10194.9,18853799936,11490.5
13767.3,14445.5,13641.7,12750799872,13819.8
14370.8,14511.8,13268,11084099584,13772
13952.4,14659.5,13952.4,12763599872,14360.2
13453.9,14229.9,13158.1,12065699840,13980.6
14968.2,15018.8,13105.9,16534099968,13405.8
14588.5,14973.3,13691.2,18500800512,14973.3
15123.7,15497.5,14424,16659999744,14595.4
16476.2,16537.9,14208.2,18413899776,15170.1
17527.3,17579.6,16087.7,15866000384,16477.6
17462.1,17712.4,16764.6,18314600448,17527
15477.2,17705.2,15202.8,23840899072,17429.5
15270.7,15739.7,14522.2,21783199744,15599.2
14978.2,15572.8,14844.5,16871900160,15201
13625,15444.6,13163.6,16846600192,14982.1
14112.2,14112.2,13154.7,10291200000,13657.2
12897.7,14377.4,12755.6,12136299520,14156.4
14681.9,14681.9,12350.1,14452599808,12952.2
14695.8,15279,14307,13025500160,14656.2
15864.1,15888.4,13937.3,12336499712,14606.5
16163.5,16930.9,15114.3,12487600128,15838.5
14036.6,16461.2,14028.9,13454300160,16099.8
13995.9,14593,13448.9,10664699904,14026.6
14608.2,14626,12747.7,11572299776,13925.8
13948.7,15603.2,13828.8,13086000128,14699.2
15898,15943.4,11833,22197999616,13831.8
16642.4,17567.7,15342.7,16516599808,15802.9
17760.3,17934.7,16077.7,22149699584,16624.6
19118.3,19177.8,17275.4,16894499840,17776.7
19106.4,19371,18355.9,14839499776,19114.2
19475.8,20089,18974.1,13314599936,19140.8
17760.3,19716.7,17515.3,12740599808,19497.4
16601.3,18154.1,16601.3,14309999616,17706.9
16384.6,17085.8,16185.9,13777399808,16564
17500,17653.1,16039.7,12976900096,16408.2
16919.8,17781.8,16571.6,14603799552,17415.4
15427.4,17513.9,15404.8,12153900032,16936.8
15168.4,15850.6,13226.6,13433299968,15455.4
16523.3,16783,13674.9,13911300096,15178.2
17802.9,18353.4,14336.9,21135998976,16569.4
14266.1,17899.7,14057.3,17950699520,17899.7
11923.4,14369.1,11923.4,12656300032,14291.5
11685.7,12032,11604.6,6895260160,11916.7
11315.4,11657.2,11081.8,6132409856,11657.2
11082.7,11858.7,10862,6608309760,11323.2
10978.3,11320.2,10905.1,5138500096,11074.6
10198.6,11046.7,9694.65,6783119872,10975.6
9906.79,10801,9202.05,8310689792,10233.6
10077.4,11517.4,9601.03,11568799744,9888.61
9823.43,10125.7,9736.3,6348819968,10058.8
9352.72,9818.35,9352.72,5653320192,9818.35
8789.04,9522.93,8775.59,5475579904,9330.55
8241.71,8790.92,8191.15,4342060032,8790.92
8074.02,8374.16,7940.93,5058610176,8253.69
8232.38,8267.4,8038.77,4225179904,8038.77
8077.95,8302.26,8075.47,3633530112,8253.55
8205.74,8348.66,7762.71,4277609984,8071.26
8039.07,8336.86,7949.36,3488450048,8200.64
7766.03,8101.91,7694.1,3149319936,8036.49
7697.21,7884.99,7463.44,3667190016,7790.15
7853.57,8004.59,7561.09,4651670016,7708.99
7323.24,7967.38,7176.58,5123809792,7871.69
6634.76,7342.25,6634.76,4200880128,7315.54
6561.48,6764.98,6461.75,3197110016,6635.75
5938.25,6811.19,5844.29,6263249920,6559.49
6295.45,6625.05,5519.01,8957349888,5950.07
6618.61,6873.15,6204.22,4908680192,6357.6
7173.73,7312,6436.87,5208249856,6618.14
7446.83,7446.83,7101.52,3226249984,7143.58
7141.38,7776.42,7114.02,4602200064,7459.69
7023.1,7253.32,7023.1,2326340096,7144.38
7403.22,7445.77,7007.31,3111899904,7022.76
7404.52,7617.48,7333.19,2380410112,7407.41
7164.48,7492.86,7031.28,2483800064,7379.95
7087.53,7461.29,7002.94,3369860096,7207.76
6777.77,7367.33,6758.72,4653770240,7078.5
6440.97,6767.31,6377.88,2870320128,6767.31
6132.02,6470.43,6103.33,2311379968,6468.4
6114.85,6214.99,6040.85,1772150016,6130.53
5754.44,6255.71,5724.58,2859040000,6153.85
5787.82,5876.72,5689.19,1403920000,5753.09
5899.74,5988.39,5728.82,1710130048,5780.9
5747.95,5976.8,5721.22,1905040000,5904.83
5524.6,5754.33,5397.88,1966989952,5750.8
5935.52,5935.52,5504.18,2735699968,5526.64
6006,6075.59,5732.47,2401840128,5930.32
6036.66,6076.26,5792.34,2034630016,6008.42
5996.79,6194.88,5965.07,2207099904,6031.6
5708.11,6060.11,5627.23,2354429952,6011.45
5583.74,5744.35,5531.06,1780540032,5708.52
5603.82,5603.82,5151.44,2399269888,5590.69
5741.58,5800.35,5472.72,1821570048,5605.51
5687.57,5776.23,5544.21,2008070016,5725.59
5835.96,5852.48,5478.61,1976039936,5678.19
5643.53,5837.7,5591.64,1669030016,5831.79
5464.16,5840.3,5436.85,3615480064,5647.21
4829.58,5446.91,4822,2791610112,5446.91
4789.25,4873.73,4751.63,1222279936,4826.48
4776.21,4922.17,4765.1,1597139968,4781.99
4614.52,4878.71,4564.25,1968739968,4772.02
4429.67,4624.14,4405.64,1313869952,4610.48
4369.35,4443.88,4321.05,906928000,4426.89
4324.46,4413.27,4320.53,1069939968,4370.81
4229.88,4362.64,4164.05,1161769984,4328.41
4319.37,4352.31,4210.42,1116770048,4229.36
4408.46,4432.47,4258.89,1288019968,4317.48
4395.81,4470.23,4377.46,1431730048,4409.32
4341.05,4403.74,4269.81,1208210048,4403.74
4166.11,4358.43,4160.86,1207449984,4338.71
4171.62,4214.63,4039.29,1367049984,4163.07
4197.13,4279.31,4109.7,1712320000,4174.73
3892.94,4210.05,3884.82,1686880000,4200.67
3928.41,3969.89,3869.9,1043740032,3892.35
3681.58,3950.25,3681.58,1374210048,3926.07
3796.15,3796.15,3666.9,768014976,3682.84
3629.92,3819.21,3594.58,928113984,3792.4
3628.02,3758.27,3553.53,1194829952,3630.7
3901.47,3916.42,3613.63,1411480064,3631.04
3916.36,4031.39,3857.73,1213830016,3905.95
4073.79,4094.07,3868.87,1563980032,3924.97
3591.09,4079.23,3591.09,1943209984,4065.2
3606.28,3664.81,3445.64,1239149952,3582.88
3637.75,3808.84,3487.79,1818400000,3625.04
3166.3,3733.45,2946.62,4148069888,3637.52
3875.37,3920.6,3153.86,2716310016,3154.95
4131.98,4131.98,3789.92,2219409920,3882.59
4168.88,4344.65,4085.22,1864530048,4130.81
4122.47,4261.67,4099.4,1557330048,4161.27
4229.34,4245.44,3951.04,1679090048,4122.94
4229.81,4308.82,4114.11,1386230016,4226.06
4605.16,4661,4075.18,2700890112,4228.75
4589.14,4655.04,4491.33,1844620032,4599.88
4376.59,4617.25,4376.59,2172100096,4597.12
4228.29,4427.84,3998.11,2697969920,4376.53
4591.63,4591.63,4108.4,2987330048,4236.31
4585.27,4714.08,4417.59,1933190016,4582.96
4901.42,4975.04,4469.24,2722139904,4578.77
4701.76,4892.01,4678.53,2599079936,4892.01
4555.59,4736.05,4549.4,1944930048,4703.39
4570.36,4626.52,4471.41,1937849984,4565.3
4389.21,4625.68,4352.13,2486080000,4579.02
4384.45,4403.93,4224.64,1959330048,4382.66
4345.1,4416.59,4317.29,1537459968,4382.88
4372.06,4379.28,4269.52,1511609984,4352.4
4332.82,4455.7,4307.35,1727970048,4371.6
4137.6,4376.39,4130.26,2037750016,4334.68
4089.01,4255.78,4078.41,2369819904,4151.52
3998.35,4128.76,3674.58,3764239872,4100.52
4090.48,4109.14,3988.6,2800890112,4001.74
4189.31,4196.29,4069.88,2109769984,4087.66
4137.75,4243.26,3970.55,2975820032,4193.7
4324.34,4370.13,4015.4,2941710080,4160.62
4384.44,4484.7,4243.71,2553359872,4331.69
4200.34,4381.23,3994.42,2272039936,4376.63
4326.99,4455.97,3906.18,3258050048,4181.93
4066.1,4325.13,3989.16,2463089920,4325.13
3880.04,4208.39,3857.8,3159089920,4073.26
3650.63,3949.92,3613.7,2219589888,3884.71
3373.82,3679.72,3372.12,2021190016,3650.62
3341.84,3453.45,3319.47,1515110016,3381.28
3420.4,3422.76,3247.67,1468960000,3342.47
3370.22,3484.85,3345.83,1752760064,3419.94
3212.78,3397.68,3180.89,1482279936,3378.94
3257.61,3293.29,3155.6,1105030016,3213.94
2897.63,3290.01,2874.83,1945699968,3252.91
2806.93,2899.33,2743.72,1002120000,2895.89
2709.56,2813.31,2685.14,804796992,2804.73
2727.13,2762.53,2668.59,1094950016,2710.67
2871.3,2921.35,2685.61,1324669952,2718.26
2763.24,2889.62,2720.61,860574976,2875.34
2724.39,2758.53,2644.85,705942976,2757.18
2807.02,2808.76,2692.8,803745984,2726.45
2679.73,2897.45,2679.73,1380099968,2809.01
2538.71,2693.32,2529.34,789104000,2671.78
2577.77,2610.76,2450.8,937404032,2529.45
2757.5,2768.08,2480.96,1460089984,2576.48
2732.7,2777.26,2699.19,866473984,2754.86
2808.1,2832.18,2653.94,1072840000,2730.4
2668.63,2862.42,2657.71,1177129984,2810.12
2838.41,2838.41,2621.85,1489449984,2667.76
2269.89,2900.7,2269.89,2249260032,2817.6
2323.08,2397.17,2260.23,1245100032,2273.43
2233.52,2387.61,2164.77,1512450048,2318.88
1932.62,2230.49,1932.62,1201760000,2228.41
1991.98,2058.77,1843.03,1182870016,1929.82
2230.12,2231.14,1990.41,993608000,1998.86
2360.59,2363.25,2183.22,882502976,2233.34
2402.7,2425.22,2340.83,835769984,2357.9
2332.77,2423.71,2275.14,1117410048,2398.84
2385.89,2413.47,2296.81,1329760000,2337.79
2525.25,2537.16,2321.13,1111200000,2372.56
2572.61,2635.49,2517.59,527856000,2518.44
2520.27,2571.34,2492.31,733329984,2571.34
2608.59,2916.14,2498.87,917411968,2518.66
2608.1,2616.72,2581.69,761956992,2608.56
2602.87,2622.65,2538.55,941566016,2601.99
2561,2631.59,2559.35,985516032,2601.64
2498.56,2595,2480.47,964112000,2564.06
2436.4,2514.28,2394.84,803747008,2506.47
2492.6,2515.27,2419.23,779913984,2434.55
2539.24,2559.25,2478.43,860273024,2480.84
2567.56,2588.83,2510.48,949979008,2539.32
2553.03,2603.98,2484.42,1183869952,2574.79
2478.45,2552.45,2332.99,1489789952,2552.45
2590.57,2615.25,2376.29,1663280000,2478.45
2607.25,2682.26,2552.12,1161100032,2589.41
2738.52,2757.94,2583.19,982750016,2608.72
2707.34,2765.17,2706.37,961318976,2744.91
2691.03,2723.74,2642.36,1097939968,2705.41
2709.43,2772.01,2660.4,1626579968,2689.1
2591.26,2763.45,2589.82,1854189952,2721.79
2549.03,2662.85,2549.03,1446840064,2589.6
2655.35,2662.1,2516.33,1178659968,2548.29
2514.01,2685.19,2484.96,1534509952,2655.88
2469.57,2539.92,2385.15,1195190016,2518.56
2499.58,2534.71,2212.96,2026259968,2464.58
2716.88,2786.83,2412.94,1696560000,2506.37
2680.91,2789.04,2650.38,1781200000,2717.02
2953.22,2997.26,2518.56,2569530112,2659.63
2942.41,2996.6,2840.53,1752400000,2958.11
2828.14,2950.99,2746.55,2018889984,2947.71
2807.44,2901.71,2795.62,1348950016,2823.81
2720.49,2815.3,2670.95,1281170048,2805.62
2869.38,2869.38,2700.56,1517709952,2732.16
2690.84,2999.91,2690.84,2089609984,2863.2
2512.4,2686.81,2510.22,1369309952,2686.81
2547.79,2585.89,2452.54,1355120000,2511.81
2493.72,2581.91,2423.57,1514950016,2515.35
2404.03,2488.55,2373.32,1317030016,2488.55
2288.33,2448.39,2288.33,1653180032,2407.88
2187.19,2311.08,2145.57,1544829952,2286.41
2255.36,2301.96,2124.57,1443970048,2175.47
2159.43,2307.05,2107.17,994625024,2255.61
2054.08,2267.34,2054.08,1147139968,2155.8
2196.27,2260.2,1855.83,1700480000,2038.87
2320.89,2573.79,2071.99,1763480064,2202.42
2446.24,2763.71,2285.3,2406700032,2304.98
2321.37,2523.72,2321.37,1725379968,2443.64
2191.56,2320.82,2178.5,1378749952,2320.42
2043.19,2303.9,2017.87,1942220032,2173.4
2067.03,2119.08,2037.5,1147859968,2041.2
1984.24,2084.73,1974.92,961336000,2084.73
1897.37,2004.52,1890.25,1157289984,1987.71
1818.7,1904.48,1807.12,894321024,1888.65
1726.73,1864.05,1661.91,1064729984,1839.09
1741.7,1785.94,1686.54,959044992,1734.45
1808.44,1812.8,1708.54,731529024,1738.43
1800.86,1831.42,1776.62,437196000,1808.91
1723.12,1812.99,1651.08,579635008,1804.91
1845.76,1856.15,1694.01,740984000,1724.24
1780.37,1873.93,1755.35,799489984,1848.57
1756.52,1788.44,1719.1,915723008,1787.13
1723.89,1833.49,1716.3,1167920000,1755.36
1596.92,1723.35,1596.92,1340320000,1723.35
1579.47,1596.72,1559.76,1080029952,1596.71
1556.81,1578.8,1542.5,582529984,1578.8
1540.87,1618.03,1530.31,946035968,1555.45
1490.72,1608.91,1490.72,933548992,1537.67
1453.78,1492.77,1447.49,583795968,1490.09
1421.03,1473.9,1415.69,477337984,1452.82
1348.3,1434.32,1348.3,713624000,1421.6
1321.87,1347.91,1314.92,413115008,1347.89
1317.84,1327.2,1315.21,422705984,1321.79
1317.74,1331.28,1292.37,527488992,1316.48
1281.88,1319.7,1281.3,449196992,1317.73
1265.99,1294.83,1265.93,329631008,1281.08
1250.45,1267.58,1249.97,242556000,1265.49
1209.63,1250.94,1209.63,235806000,1250.15
1231.92,1232.2,1203.94,258951008,1207.21
1222.71,1235.56,1208.47,249320000,1231.71
1229.42,1235.94,1215.56,272167008,1222.05
1211.08,1240.79,1208.41,315108000,1229.08
1212.13,1215.51,1205.08,288060992,1210.29
1193.77,1217.57,1193.77,270524000,1211.67
1183.25,1194.9,1172.65,253206000,1193.91
1172.61,1187.22,1172.61,183231008,1182.94
1167.3,1188,1164.96,203559008,1172.52
1170.33,1190.8,1159.79,254827008,1167.54
1201.02,1205.89,1156.44,351968992,1169.28
1204.81,1207.14,1196.76,288702016,1200.37
1187.46,1208.07,1187.46,216182000,1205.01
1187.3,1190.34,1179.04,215883008,1187.13
1176.57,1197.21,1171.86,242343008,1187.87
1172.65,1184.98,1162.58,209312000,1175.95
1178.94,1186.58,1163.39,317022016,1176.9
1125.81,1188.37,1125.81,511222016,1182.68
1134.14,1135.09,1113.63,414784000,1124.78
1145.52,1156.44,1120.52,436310016,1133.25
1102.95,1151.74,1102.95,580444032,1143.81
1080.61,1107.59,1075.45,514187008,1102.17
1071.71,1091.72,1061.09,289633984,1080.5
1026.64,1074.92,1026.64,447287008,1071.79
1042.21,1049.29,1020.04,352968992,1026.43
1046.08,1055.13,1015.88,298457984,1039.97
1044.58,1064.65,1027.73,326332000,1047.15
972.05,1046.4,971.98,372535008,1045.77
974.02,1007.96,954.19,303668000,966.72
936.54,975.76,903.71,435803008,972.78
1038.45,1040.47,934.36,491038016,937.52
1050.05,1058.01,1028.93,248540000,1038.59
1120.65,1120.65,1014.21,380840992,1049.14
1055.36,1122.43,1055.36,337391008,1120.54
1037.24,1063.03,1036.68,286529984,1054.23
976.73,1069.91,976.73,406648000,1036.74
1099.69,1114.07,957.66,621302016,973.82
1180.16,1180.16,1099.57,706598976,1100.23
1251.33,1257.98,1152.44,638568000,1187.81
1240.16,1251.61,1239.75,297804992,1249.61
1232.16,1244.81,1220.72,245306000,1240
1221.78,1237.37,1217.03,380276992,1231.92
1176.62,1226.98,1175.36,227176000,1221.38
1116.32,1193.83,1116.32,283320000,1175.83
1189.36,1270.47,1077.25,563795968,1116.72
1150.35,1197.46,1141.23,212283008,1188.49
1223.23,1232.16,1148.08,332603008,1150
1273.21,1275.55,1204.8,291256000,1223.54
1267.47,1276,1264.6,153656992,1272.83
1254.29,1267.29,1238.06,134127000,1267.12
1277.43,1279.4,1230.51,183270000,1255.15
1250.71,1280.31,1250.71,315739008,1274.99
1224.68,1262.13,1215.62,368275008,1251.01
1180.04,1222.5,1179.69,229056992,1222.5
1180.72,1193.25,1171.82,184956000,1179.97
1163.78,1181.98,1163.38,131570000,1179.97
1144.27,1167.47,1130.2,116486000,1165.2
1170.41,1174.85,1124.59,139960992,1143.84
1172.71,1200.39,1131.96,330759008,1173.68
1117.27,1176.62,1116.96,189454000,1166.72
1114.8,1125.39,1100.55,136100000,1117.44
1079.28,1117.25,1076.93,186868992,1115.3
1048.69,1080.49,1041.69,109478000,1079.98
1054.76,1056.81,1043.46,77423296,1047.87
1049.21,1061.1,1046.96,99073504,1054.42
1026.12,1053.17,1025.64,136474000,1046.21
1007.65,1033.37,1007.65,122277000,1027.44
1006.21,1008.84,1001.58,89759400,1007.48
991.73,1011.51,986.47,137946000,1004.55
998.89,1002.1,976,100607000,990.64
1003.52,1004.76,996.92,67530000,999.18
988.9,1009.29,982.83,102261000,1004.45
995.63,998.91,946.69,190452000,988.67
1064.7,1088.99,953.34,407220000,994.38
1062.32,1078.97,1037.49,201855008,1063.07
1040.14,1061.93,1040.14,146007008,1061.35
1028.4,1044.64,1028.16,111762000,1038.15
1043.52,1043.63,1022.37,114208000,1027.34
1031.33,1045.9,1015.16,155064000,1042.9
1011.46,1033.87,1008.79,201278000,1029.91
990,1013.52,983.22,145820992,1011.8
970.94,989.11,970.74,150110000,989.02
920.96,972.02,920.96,164582000,970.4
920.15,923.05,919.47,78227296,920.38
922.07,923.42,919.15,60851700,919.5
919.81,923.91,919.81,68979600,921.59
918.36,923.22,915.85,125594000,919.75
902.4,919.33,902.22,131958000,917.59
891.92,903.25,891.69,120831000,901.54
910.68,924.15,892.29,111349000,892.69
925.5,928.27,916.74,73588600,921.01
922.21,937.53,897.56,116573000,924.67
895.55,927.37,895.53,111158000,921.79
898.17,899.4,887.01,86728400,895.03
888.34,904.61,884.34,105625000,899.07
909.37,917.5,858.3,225676992,886.62
830.95,910.56,830.8,155095008,907.94
821.78,834.53,820.27,82755200,831.53
818.14,823.31,812.87,71013600,821.8
825.14,835.09,812.46,93063296,818.41
803.74,829,780,168968000,823.98
775.18,826.25,755.76,222326000,804.83
908.11,919.45,762.77,310928992,777.76
902.44,914.87,901.06,115808000,907.68
913.24,913.69,879.81,141876992,902.83
908.17,942.72,887.25,158715008,911.2
903.49,908.59,823.56,279550016,908.59
1014.24,1046.81,883.94,351876000,902.2
1156.73,1191.1,910.42,510199008,1013.38
1044.4,1159.42,1044.4,344945984,1154.73
1021.6,1044.08,1021.6,185168000,1043.84
998.62,1031.39,996.7,222184992,1021.75
963.66,1003.08,958.7,147775008,998.33
960.63,963.74,947.24,99135104,963.74
972.53,972.53,934.83,187474000,961.24
975.13,979.4,954.5,199320000,973.5
934.83,975.92,934.83,236630000,975.92
908.35,940.05,904.26,167308000,933.2
896.91,913.18,896.9,123771000,907.61
899.65,899.65,862.42,143664992,896.18
922.18,923.48,886.34,137727008,898.82
864.89,925.12,864.68,275564000,921.98
834.18,875.78,834.15,200027008,864.54
800.64,834.28,799.41,155576000,834.28
792.25,801.34,791.5,99629296,800.88
790.69,793.61,790.32,74886400,792.71
791.01,794.74,788.03,60524400,790.53
785.17,792.51,784.86,78989800,790.83
778.96,785.03,778.96,83608200,784.91
780.07,781.43,777.8,81580096,778.09
780.01,782.03,776.84,75979000,781.48
780.65,788.46,777.96,81645600,780.56
770.04,781.92,770.04,76571000,780.09
774.75,774.8,765.41,57313400,769.73
773.02,777.09,772.91,53843100,774.65
769.94,774.53,769.65,68705296,772.79
768.08,774.7,765.95,80111904,770.81
764.21,771.54,759.75,96426096,768.13
758.72,765.62,758.72,116218000,764.22
773.39,773.47,751.71,106363000,758.7
771.64,773.87,768.16,60557900,773.87
778.25,778.25,764.86,69547296,771.16
757.54,781.3,757.54,127605000,777.94
746.05,758.28,746.05,80461904,756.77
736.28,747.93,736.27,84070800,745.69
736.33,737.47,734.56,68511104,735.6
732.48,738.01,732.48,61888600,735.81
735.44,739.02,731.09,52601800,732.03
741.51,742.21,729.63,54962700,735.38
740.44,741.65,734.59,67807600,741.65
744.62,746.83,733.49,85919296,740.29
751.74,752.25,738.92,76543800,744.59
739.64,753.87,736.53,129906000,751.35
731.27,741.72,730.51,60802400,739.25
751.88,755.48,717.94,154116000,731.03
751.83,756.24,744.47,110608000,751.62
740.71,752.88,736.89,87363104,751.59
744.88,755.65,739.51,108579000,740.98
711.17,747.61,709.04,141294000,744.2
705.79,715.72,705.26,72038496,711.62
702,706.28,699.81,62993000,705.02
705.2,705.26,687.32,80318096,702.03
716.75,717.15,704.03,64622500,705.05
715.55,718.32,714.41,63119700,716.41
722.84,723.02,711.21,68807800,715.53
709.83,740.05,708.61,132429000,723.27
703.09,712.99,702.39,79660800,709.85
710.74,710.74,699.9,65047100,703.13
703.81,714.26,699.56,59902200,711.52
703.53,707.51,697.74,53752300,703.42
689.12,706.93,685.56,99907696,703.23
742.35,745.77,678.16,172808000,688.7
730.07,740.83,722.35,84865200,740.83
701.34,736.45,701.34,130527000,729.79
702.64,709.29,691.68,97064400,700.97
714.12,714.12,696.47,100665000,701.86
690.29,720.4,690.05,134760992,714.48
688,690.44,684.16,81145504,689.65
678.21,688.59,678.04,96105296,688.31
657.68,679.73,657.68,88877104,678.3
654,664.42,653.7,90378800,657.59
657.16,657.25,652.59,62218200,653.76
657.62,661.13,653.89,54474600,657.07
633.14,658.2,632.85,78556496,657.29
630.83,634.09,630.69,55951000,632.83
630.66,631.92,628.26,56957300,630.86
638.13,638.87,628.01,69381696,630.52
639.41,640.74,636,65546700,637.96
641.82,642.33,638.66,58063600,639.19
639.08,642.9,638.9,40298100,641.63
640.31,642.1,637.39,39035400,638.65
637.01,641.28,637.01,58144600,640.38
636.03,638.83,635.03,61620700,636.79
640.87,641.34,635.97,92370200,636.19
619.24,642.08,618.5,103590000,641.07
616.82,621.32,616.2,67481104,618.99
619.17,619.2,616.61,39243400,616.75
617.34,619.85,617.34,42345900,619.11
612.61,617.91,611.82,64071400,617.12
612.47,613.82,611.47,56812100,613.02
610.22,613.81,609.62,68077504,612.51
612.05,612.05,609.48,49801600,610.2
610.97,612.57,610.46,46798300,612.13
613.95,614.01,609.68,39249800,610.89
609.93,615.24,609.93,56357000,613.98
605.72,609.73,604.14,56122400,609.73
605.02,606.82,604.85,55658600,605.69
606.24,606.59,604.61,48722600,604.73
608.02,608.25,604.11,49422400,606.17
600.81,608.14,600.35,59153800,608.04
602.75,603.38,599.71,33977800,600.83
602.96,604.58,602.04,35359500,602.63
596.2,603.21,595.79,51067000,602.84
597.28,598.49,596.21,67085300,596.3
603.59,603.59,595.88,82776200,597.15
609.25,609.53,607.94,72710896,608.31
609.87,610.93,608.27,54796400,609.23
606.28,610.16,605.86,48679400,609.87
607.22,607.86,605.19,37140300,605.98
607.25,609.26,606.73,64963400,606.97
610.59,611.09,607.16,59464600,607.16
608.84,611.95,608.41,47877700,610.68
608.03,611.19,606.92,86920600,609.24
607.01,608.46,605.41,72812304,608.24
623.42,628.82,600.51,73610800,606.72
622.93,625.09,622.4,45016800,623.51
626.35,626.83,620.26,64550200,622.86
614.64,628.77,613.84,86713000,626.32
610.57,614.54,608.51,75032400,614.54
606.51,610.83,605.09,78529104,610.44
608.99,609.05,602.24,82446800,606.59
598.59,611.84,596.85,97942896,608.63
575.55,599.5,574.06,159014000,598.21
572.41,575.64,570.81,79910800,575.54
575.55,576.31,571.81,76923400,572.3
577.59,577.86,573.64,75840896,575.47
574.11,578.36,574.11,70342400,577.5
574.07,576.28,573.47,110398000,574.11
569.83,574.04,569.74,86301600,573.91
579.45,579.84,568.63,59698300,569.95
577.75,580.62,576.86,48856800,579.65
580.18,580.45,575.17,136130000,577.76
583.41,583.59,579.85,56328200,580.18
586.77,589.47,581.63,85349200,583.41
581.31,588.45,580.59,72844000,586.75
581.94,584.16,580.22,38299400,581.31
576.08,582.82,575.46,45301400,581.7
574.34,578.24,574.18,50631600,575.63
573.71,577.79,573.43,59896600,574.32
577.76,580.89,571.43,54443000,573.22
567.24,581.74,566.72,58405200,577.44
570.49,573.58,563.24,57262300,567.24
585.59,585.67,564.78,60851100,570.47
587.36,589.77,584.98,43563000,585.59
588.8,589.91,583.81,69218000,587.56
592.12,597.54,589.12,74514400,589.12
587.65,599.98,586.37,102905000,592.1
591.04,591.09,584.79,92228096,587.8
592.74,592.99,588.05,61194100,591.05
587.77,597.51,586.82,82398400,592.69
575.03,588.4,569.47,80797296,587.78
578.28,578.28,569.98,66127900,575.04
566.33,579.5,565.78,125292000,578.29
548.66,573.36,541.55,207982000,566.35
606.4,612.85,531.33,330932992,547.47
624.6,626.12,605.88,121887000,606.27
655.1,655.28,624.36,110818000,624.68
657.01,658.22,654.21,38456100,655.05
655.11,657.8,654.79,60703500,656.99
654.49,657.59,654.49,86428400,655.03
651.63,657.46,648.45,147460992,654.35
654.23,656.22,645.88,225135008,651.78
661.26,661.83,653.4,78176496,654.1
655.41,663.11,652.79,118184000,661.28
650.73,656.37,648.52,69532200,655.56
664.92,666.58,646.72,134169000,650.62
665.23,666.22,660.41,60491800,665.01
672.81,672.93,663.36,94636400,665.68
672.74,673.28,667.63,61203300,672.86
679.81,681.55,668.63,69465000,673.11
661.99,682.36,661.99,74407904,679.46
663.78,666.46,659.33,50330200,660.77
659.17,667.08,659.04,81673104,663.26
652.92,662.9,652.92,98511400,658.08
664.8,668.7,654.47,131449000,654.47
648.28,675.26,646.78,138172992,664.55
648.48,659.63,644.98,107910000,647.66
650.6,652.29,641.26,102532000,649.36
666.38,666.38,633.4,180536000,650.96
640.69,666.71,636.47,141970000,666.52
678.09,682.43,611.83,258091008,640.56
670.42,681.9,670.42,134960992,677.33
683.21,683.49,665.07,130476000,670.63
658.8,683.66,650.51,92008400,683.66
704.97,704.97,649.01,129512000,658.66
676.73,703.7,676.4,112354000,703.7
672.52,686.15,669.59,134431008,676.3
640.59,675.4,636.61,138980000,673.34
644.12,644.68,628.28,142456000,639.89
658.1,659.25,637.77,138384992,647
629.35,655.28,620.52,122134000,655.28
665.93,665.98,616.93,109225000,629.37
665.28,691.73,646.56,126656000,665.12
625.58,681.73,625.27,224316992,665.3
597.44,629.33,558.14,253462000,623.98
665.91,678.67,587.48,266392992,596.12
735.88,735.88,639.07,309944000,666.65
763.93,764.08,732.73,174511008,737.23
756.69,766.62,745.63,136184992,763.78
748.76,777.99,733.93,252718000,756.23
768.49,775.36,716.56,363320992,748.91
696.52,773.72,696.52,271633984,766.31
685.68,696.3,672.56,99223800,694.47
704.5,704.5,662.8,186694000,685.56
671.65,716,664.49,243295008,704.38
609.68,684.84,607.04,277084992,672.78
578.67,607.12,578.67,82357000,606.73
575.84,579.13,573.33,66991900,577.47
582.2,582.2,570.95,71301000,574.63
577.17,582.84,573.13,80265800,581.65
585.45,590.26,567.51,107770000,576.6
574.6,586.47,574.6,72138896,585.54
573.31,582.81,569.18,68874096,574.98
569.71,590.13,564.24,94925296,572.73
537.68,574.64,536.92,122020000,569.19
536.52,540.35,533.08,60378200,537.97
531.11,543.08,525.64,86061800,536.92
534.19,546.62,520.66,138450000,531.39
528.47,544.35,522.96,87958704,533.86
527.48,553.96,512.18,148736992,526.23
473.03,533.47,472.7,181199008,530.04
453.52,478.15,453.52,164780992,473.46
449.67,453.64,447.9,65203800,453.38
446.06,450.3,446.06,65231000,449.6
444.29,447.1,443.93,65783100,445.98
439.35,444.35,438.82,50582500,444.15
443.22,443.43,439.04,39657600,439.32
442.97,443.78,441.71,42762300,443.19
437.79,444.05,437.39,81987904,442.68
454.52,454.63,438.71,96027400,438.71
453.69,456,453.3,86850096,454.62
454.01,455.07,453.61,64100300,453.78
457.59,458.2,452.95,59171500,454.16
455.76,458.69,455.46,28514000,457.57
455.82,456.84,454.79,37209000,455.67
454.85,457.05,453.45,60845000,455.67
452.45,454.95,449.25,59849300,454.77
450.86,454.58,450.86,50605200,452.73
460.52,461.93,448.95,58956100,450.89
458.21,462.48,456.53,55493100,460.48
458.43,459.42,455.98,40315000,458.55
459.64,460.67,457.32,38364500,458.54
447.94,461.38,447.07,72796800,459.6
446.71,448.51,445.88,50440800,447.98
450.18,450.38,445.63,50407300,446.72
444.73,451.1,442.62,59366400,450.3
451.93,452.45,441.78,92127000,444.67
448.48,452.48,447.93,40660100,451.88
455.18,455.59,447.7,69322600,448.32
449.41,455.38,446.02,49258500,455.1
445.04,449.55,436.65,74064704,449.01
466.26,467.08,444.13,93564896,444.69
461.65,467.96,461.62,78971904,466.09
459.12,466.62,453.59,87091800,461.43
450.56,460.15,448.93,68198400,458.55
445.86,450.28,444.33,50485400,450.28
449.69,449.81,444.15,58804400,445.74
441.42,450.55,440.95,68204704,449.42
435.32,443.05,434.41,72890096,441.39
428.7,436.02,428.1,52810500,435.51
427.61,429.27,427.09,55670900,428.59
430.64,431.37,426.08,52125900,427.4
429.58,432.63,428.98,39392800,430.57
424.43,429.93,424.43,54801500,429.71
423.93,425.37,423.01,45281000,424.28
425.63,426.66,422.92,69060400,423.73
422.84,427.28,422.84,70728800,425.19
421.87,422.74,420.53,50747500,422.48
419.59,422.43,419.26,73478600,421.56
420.81,420.89,416.52,49792700,419.41
422.91,425.36,419.64,63454700,420.35
423.62,423.66,420.52,57858600,422.74
424.28,424.53,422.73,59091000,423.41
421.02,424.26,420.61,60718000,424.03
421.3,422.34,419.6,50634300,421.44
421.17,421.58,419.7,38053700,420.9
418.42,422.08,418.42,45681200,420.87
416.76,418.17,415.83,51235700,417.96
415.26,418.37,415.26,60215200,416.73
416.83,416.83,412.5,66034100,414.82
424.3,426.2,412.68,75411504,416.52
426.55,426.86,423.29,68522800,424.23
418.14,428.8,417.71,71229400,426.77
417.36,418.99,416.26,44650400,417.95
416.51,418.08,415.56,52560000,417.18
418.42,418.68,415.49,68346704,416.39
418.16,419.27,417.36,61444200,418.04
413.13,418.38,412.53,66813300,418.09
413.42,413.42,410.38,61655400,413.31
410.4,414.63,410.4,45947900,413.76
409.27,410.98,407.23,58423000,410.44
420.55,420.55,406.14,104940000,409.55
417.89,421,417.89,83528600,420.62
416.89,417.69,415.91,65185800,417.01
416.39,418.13,414.98,66781700,416.83
414.2,416.68,414.2,95259400,416.44
411.65,416.6,411.64,74322800,414.07
421.61,421.8,410.09,92712896,411.62
417.24,423.93,417.01,73969696,421.69
414.74,417.51,413.25,81022896,417.13
413.89,416.03,411.61,70012304,414.86
414.46,416.24,411.09,70311696,413.97
407.76,415.92,406.31,85762400,414.32
400.52,411.91,395.78,91212496,407.71
410.78,411.26,394.04,135384992,400.57
421.84,425.18,410.94,90856096,410.94
423.91,425.37,419.41,100484000,421.65
435.13,435.92,423.99,74955296,423.99
437.92,439.65,432.32,74895800,435.12
433.44,441.51,431.69,60694700,437.7
432.57,435.68,423.82,53033400,433.5
432.84,434.23,428.1,41893600,432.52
424.63,432.15,421.62,61486000,432.15
425.04,427.72,420.42,70798000,424.54
420.96,425.55,413.91,67743696,424.95
438.26,439.86,417.82,85244896,420.74
438.99,439.05,432.92,85385200,437.75
437.77,448.05,429.08,89820704,438.8
421.6,441.98,421.6,93992096,437.16
422.73,423.1,417.6,55711300,420.79
416.57,426,415.64,76752600,422.37
407.66,421.17,406.78,83193600,416.32
401.43,408.95,401.43,73093104,407.49
407.57,410.38,397.75,74070496,400.18
392.93,407.23,392.93,74469800,407.23
384.64,391.86,384.64,61911700,391.86
379.69,384.95,379.6,67042800,384.26
382.11,383.13,376.4,74375600,379.65
376.15,385.48,375.78,85130896,381.65
373.42,377.25,372.9,55318500,376.03
376.76,379.88,373.33,47671100,373.45
376.51,380.87,374.9,37076300,376.62
386.59,386.63,372.39,49249300,376.52
388.9,391.09,385.57,43825000,386.55
370.17,391.61,369.99,69285504,389.59
374.65,374.95,368.05,45933400,369.95
372.92,375.88,372.92,40378700,374.45
369.35,378.07,367.96,51656700,373.06
378.29,380.35,367.83,37894300,368.77
378.86,380.92,376.49,30284400,378.26
380.11,384.38,365.45,86125296,379.47
395.15,395.5,379.73,59247900,380.29
392.44,396.84,391.78,47424400,394.97
392,397.77,390.58,58147000,392.15
402.32,402.32,388.55,59062400,391.73
388.1,405.48,387.51,54824800,402.97
382.43,394.54,381.98,56247400,387.49
409.75,410.41,375.28,91546600,382.49
419.63,422.88,406.3,68338000,410.26
379.74,425.27,376.6,121720000,420.23
387.03,387.73,378.97,46819800,380.15
381.73,388.1,376.67,54403900,387.17
387.15,390.96,380.09,45319600,382.3
365.07,390.56,354.91,120352000,387.54
430.26,430.26,364.33,153351008,364.33
432.29,433.32,427.85,43945500,430.31
434.67,435.19,424.44,173888000,432.37
448.18,448.18,435.69,115607000,435.69
448.7,450.66,443.86,40450000,448.43
448.24,448.31,440.35,35995900,447.99
453.38,454.64,446.89,32278000,447.61
457.54,462.93,447.94,56993000,453.23
430.01,458.77,429.08,87562200,458.05
431.86,431.86,426.34,34042500,429.11
433.07,434.18,429.68,34522600,431.96
430.06,434.52,429.08,38477500,433.09
433.58,433.74,424.71,39633800,430.01
434.62,436.06,431.87,30096600,433.44
430.72,436.25,427.52,36278900,434.33
425.88,432.92,418.73,45996600,430.57
433.3,434.39,422.08,46889400,426.62
422.1,432.98,420.63,51596500,432.98
423.34,429.77,418.48,49638600,422.28
416.51,424.01,408.88,53591200,422.82
455.76,457.49,405.76,116166000,417.27
454.86,458.3,452.08,39078500,455.65
443.09,458.46,443.08,57157200,454.98
436.72,444.53,436.62,47161400,442.4
437.44,443.69,435.52,50840400,436.57
442.84,444.73,427.31,77639696,438.64
462.23,462.64,434.34,75409400,442.68
463.55,465.58,456.77,47892700,462.32
455.85,465.18,454.94,60220100,463.62
454.78,457.86,448.86,47978400,456.08
465.21,465.21,443.85,107944000,454.93
443.88,465.32,443.88,83121104,465.32
433.27,447.14,430.46,130496000,444.18
431.66,441.68,426.27,55050600,433.76
452.33,469.1,410.74,131969000,435
415.28,451.94,415.28,110944000,451.94
417.99,419.51,411.55,52138900,415.48
414.44,423.12,406.29,90917200,417.56
395.75,415.56,389.95,57801400,415.56
389.98,399.97,385.41,63455800,395.54
389.55,402.81,387.09,77762000,388.78
363.72,389.79,363.23,66282200,388.95
361.26,363.52,355.76,35784100,363.18
359.33,370.27,357.41,50714900,361.05
361.85,362.23,349.46,54160500,359.19
377.41,378.93,356.56,60452200,362.49
371.44,382.36,370.38,71701600,377.32
357.47,371.94,355.67,40409300,371.29
357.14,359.54,352.17,36816600,357.38
351.86,363.59,347.87,55179100,358.04
328.3,366.76,328.23,106105000,352.68
320.05,329.13,316.77,41666900,328.21
323.01,323.06,318.12,29362600,320.05
324.35,325.12,321.29,27478900,323.05
326.98,327.01,321.26,23439400,324.54
322.09,328.16,319.6,28200500,326.93
326.41,326.47,312.22,53152900,322.02
334.68,335.33,325.27,45011100,326.15
334.59,336.53,330.64,43783800,334.59
330.36,338.35,329.61,51001600,335.09
319.73,331.63,315.9,47980100,330.75
333.05,334.66,317.49,44213100,320.17
336.62,338.18,329.97,38612000,332.91
338.5,340.91,326.08,52003000,336.75
314.08,345.08,313.36,78477800,338.15
339.82,340.58,301,107070000,311.08
379.98,381.39,329.11,95797904,336.82
374.32,385.28,362.89,68224400,380.26
384.28,389.89,368.7,51817600,373.37
374.27,390.59,372.43,56625100,386.48
388.05,395.84,354.02,122687000,374.47
408.08,447.56,374.58,151824992,386.35
403.66,495.56,380.55,263900000,411.56
361.87,417.9,357.65,206162000,403.42
325.94,365.36,323.21,101918000,361.19
315.01,327.47,311.88,37001100,325.43
328.51,332.78,309.25,48598100,314.17
313.94,334.17,313.94,78305000,328.02
304.32,318.17,301.82,64495900,313.86
293.7,306.33,293.7,50808100,304.62
285.18,296.21,285.01,46331800,293.79
283.63,285.3,280.51,32108800,285.3
281.45,294.06,281.45,45717100,283.68
276.5,281.71,276.5,25942400,281.65
273.65,278.68,273.54,29442500,276.5
266.5,276.51,266.14,37808600,274.02
269.31,270.77,263.84,25637300,266.27
263.57,270.83,263.23,30889800,269.46
261.86,264.82,260.95,25258800,263.44
270.91,271.67,260.78,22434300,261.64
262.75,273.58,262.37,43199600,270.64
254.3,266.14,253.93,35901500,262.87
252.11,255.96,252.05,25223500,254.32
249.49,254.27,248.9,27462600,251.99
245.2,250.24,243.76,28198500,249.51
246.88,247.45,245.18,17388300,245.31
244.74,247.24,244.15,16827300,247.05
243.74,245.32,243.07,15912700,244.94
242.5,244.23,242.12,17353100,243.93
243.07,244.25,242.18,18515300,242.3
246.17,246.68,242.59,22999200,242.97
240.36,246.93,240.14,27535100,246.06
238.15,240.38,237.04,23335900,240.38
238.53,238.97,237.94,12999000,238.26
237.2,239.32,236.94,16482700,238.73
237.26,238.54,236.6,19677900,237.29
236,238.45,235.62,20488800,237.55
236.64,237.73,235.63,19743500,236.06
239.02,239.8,235.93,22691300,236.69
232.84,239.34,232.47,24713000,239.14
234.14,234.53,232.48,14179900,232.76
235.08,235.4,233.36,13724100,234.34
234.36,237.43,233.68,22363600,235.14
230.36,235.65,230.29,25097800,234.53
230.94,231.84,229.59,17254100,230.28
226.97,232.39,225.12,25009300,230.62
231.22,231.22,226.52,19678800,227.09
231.4,232.37,230.91,14444700,231.21
232.86,233.21,231.09,12712600,231.49
233.52,234.35,232.18,20242200,232.98
229.08,230.29,228.93,18935400,229.81
230.25,231.21,227.4,20144200,229.09
230.49,259.18,229.82,19177800,230.3
230.61,232.44,227.96,20997800,230.64
235.24,235.93,229.33,18478800,230.51
239.85,240.12,234.75,17962600,235.23
238.33,241.17,238.33,19224700,240.11
238.34,241.29,235.79,21215500,238.48
243.41,244.42,237.82,23635700,238.17
239.85,245.78,239.68,26879200,243.61
239.93,242.11,238.72,21192200,239.85
234.87,242.91,234.68,25473700,239.84
230.2,236.14,229.44,20671400,235.02
227.21,230.9,227.05,20962400,230.3
229.32,229.6,226.67,17482000,227.18
228.03,230.58,226.48,18760400,229.28
230.26,231.22,226.86,20575200,228.12
229.11,231.96,225.91,20710700,230.06
229.9,232.07,226.25,19412600,228.76
231.55,233.22,227.33,17142500,229.78
224.7,235.22,220.93,31336600,231.4
226.05,228.64,223.68,21905400,224.77
222.08,231.18,220.2,31808000,225.83
210.07,226.32,199.57,61089200,221.61
228.11,228.14,210.44,59220700,210.49
230.38,232.71,225.58,18406600,228.17
232.66,234.96,222.7,23205900,230.39
235.35,236.43,231.72,23173800,232.57
226.9,237.37,226.9,32275000,235.35
225.67,237.41,222.77,60869200,226.68
257.93,257.99,211.08,42147200,211.08
258.49,260.51,257.12,21617900,257.98
261.87,262.44,257.04,29717000,258.51
265.53,266.67,261.3,19321100,261.55
264.13,267.47,261.48,27091200,265.68
266.18,266.23,262.84,27685500,264.08
270.6,270.67,265.47,26815400,266.38
264.34,270.39,264.09,25433900,270.39
265.48,267.03,262.6,20979400,264.47
261.12,267,260.47,23789600,265.08
279.74,279.93,260.71,58533000,261
278.74,280.39,276.37,42484800,279.58
281.91,281.91,278.4,18792100,278.58
284.85,285.5,281.49,20128000,281.88
281.23,285.71,281.23,21908700,285.22
282.81,285.47,280.23,21474100,281.23
280.45,283.03,277.53,17722200,282.61
284.69,284.93,278.11,18995000,281.6
287.7,288.96,282.34,23629100,284.65
289.1,290.13,286.57,21635800,287.72
294.48,294.54,288.78,24672600,289.59
293.63,296.65,293.42,25453600,294.43
292.64,297.77,287.45,30592000,293.62
288.64,293.05,287.71,16032300,292.69
288.16,290.73,286,20662200,288.7
276.01,289.25,275.25,37199400,288.28
277.34,278.11,275.72,18531300,276.05
275.66,277.67,274.38,19389800,277.22
278.88,280.55,275.42,22930700,275.83
273.5,278.98,272.96,22711400,278.98
274.77,275.67,272.51,15332500,273.61
279.33,282.53,274.08,25187100,274.9
278.09,280.28,272.04,27591400,279.47
286.04,291.18,275.24,49482600,278.09
288.05,293.25,285.37,27486600,285.83
292.03,296.15,286.64,28727200,287.46
310.83,310.95,281.01,62053900,292.05
293.14,314.39,292.51,56405000,310.87
284.88,298.51,283.53,41109900,293.11
269.16,294.59,268.8,100390000,284.89
270.83,272.33,267.09,40301200,269.23
265.98,272.97,264.39,36980200,270.79
269.96,271.34,264.83,28857600,266.21
271.11,277.42,267.6,49154800,269.03
260.8,274.51,258.7,44156100,271.91
256.49,261.46,254.2,15620400,260.89
255.46,257.08,253.51,19033800,256.34
258.55,261.63,254.12,21551900,255.41
263.35,265.17,255.77,27029800,258.62
257.04,267.87,255.95,44533800,263.07
248.72,257.17,248.58,34742900,257.06
250.96,251.17,247.43,15137600,249.01
243.55,251.34,243.12,20488600,250.99
242.6,243.75,241.55,13983500,243.59
240.37,243.33,240.37,16133100,242.8
244.28,244.34,240.51,17344900,240.51
246.93,247.3,243.13,15108700,244.3
243.97,247.92,243.78,17692500,246.99
245.1,245.22,241.88,10600900,243.94
244.53,245.83,240.63,20608100,245.21
249.04,250.98,243.79,23965300,244.61
249.43,252.11,244.13,30980200,249.01
250.82,256.85,246.48,43858400,249.28
236.76,251.74,236.12,41612000,250.9
233.42,237.84,233.42,19912100,236.82
232.44,234.86,232,12165900,233.54
229.92,232.65,229.21,13305300,232.4
229.71,231.06,229.31,14017700,229.98
228.85,230.29,228.77,14416000,229.71
228.99,229.78,228.01,15904800,228.8
228.54,230.95,227.93,28353100,229.05
222.88,229.46,222.84,23378400,228.49
225.6,226.19,222.65,13318400,222.88
225.01,225.72,224.38,11131500,225.62
224.15,225.97,223.18,18056500,224.95
225.77,226.58,224.05,14728100,224.32
225.74,227.4,223.93,17752400,225.87
222.89,226.42,222.42,20459000,225.8
230.23,231.71,221.3,26090500,222.93
233.13,233.25,229.54,14730800,230.19
237.09,237.09,232.05,14098600,233.35
237.38,237.52,235.73,14805000,237.1
237.26,237.82,236.65,13829600,237.41
237.07,238.64,236.7,18837000,237.28
237.1,238.24,235.69,16425000,237.12
240.93,241.02,236.64,14423900,237.11
238.98,241.98,238.81,11508000,240.95
240.29,241.02,238.69,14605000,238.87
235.32,240.97,235.06,27003000,240.35
234.02,236.24,233.84,15108900,235.34
231.89,234.68,231.84,15499400,234.02
233.04,234.15,231.82,14241900,231.95
236.89,237.21,232.46,16780300,233.13
236.01,238.02,236.01,11134300,236.8
237.64,237.7,235.29,11089700,236.15
236.96,238.75,236.79,16329400,237.6
236.21,237.8,234.06,24413700,236.93
241.4,243.7,235.04,27180100,236.38
242.15,242.88,240.1,19282600,241.11
240.3,244.27,239.38,20892300,242.16
241.73,244.07,238.85,15019100,240.3
243.77,247.8,239.64,19790500,241.83
237.2,246.27,236.27,27445500,243.86
229.66,239.1,228.57,29064400,237.33
236.25,236.45,229.23,29587200,229.78
238.85,239.2,232.05,23929100,236.12
240.36,242.64,237.81,21223400,239.02
234.88,243.24,234.08,18494100,240.36
232.34,235.73,232.34,12535500,234.93
235.94,238.97,232.08,18815300,232.08
225.69,239.56,224.99,33818600,236.15
225.59,227.04,223.43,18936500,225.81
228.97,229.49,223.07,21469200,225.85
219.43,233.3,218.02,38574000,229.29
226.41,226.94,214.87,28943700,219.43
231.24,232.56,226.34,13957200,226.39
235.97,236.3,229.93,21448700,231.27
234.05,236.48,233.2,17036000,236.46
235.6,237.91,233.48,23847900,234.18
224.62,235.27,224.3,24978000,235.27
222.61,226.35,221.98,18364700,224.63
223.46,226.35,222.37,15021500,222.6
222.85,224.32,220.88,12939000,223.36
228.57,228.91,221.94,20429800,222.88
223.92,229.67,223.92,24805400,228.57
219.07,223.83,218.65,22562000,223.83
224.76,224.98,216.32,31719000,219.16
235.95,236.93,222,31181800,224.59
236.54,237.73,233.49,12387900,236.15
236.02,239.54,234.18,16365200,236.55
243.69,243.69,232.77,28882000,236.07
244.75,246.12,239.4,21643500,243.68
253.06,253.85,244.21,30086400,245.02
255.27,255.8,252.21,18467400,253.18
260.72,261.8,254.57,20034200,255.49
253.76,260.67,251.94,19649200,260.6
254.29,255.26,251.1,12493500,253.7
253.07,256.04,251.88,23146600,254.32
247.09,254.46,245.42,26272600,253.01
244.22,247.54,241.16,22877200,247.27
247.45,248.73,242.74,22672000,244.22
242.88,249.24,239.21,23009600,247.53
252.74,253.14,240.85,21699400,242.71
246.98,254.21,246.98,16040900,252.8
248.57,256.81,245.21,17274900,247.03
246.28,254.35,244.9,25730000,248.53
247.47,249.19,236.51,35866900,246.2
266.58,267,244.15,40073700,245.6
267.89,277.3,261.74,22811900,266.74
259.92,269.75,259.59,18438100,267.96
261.64,262.2,255.65,17130100,260.02
260.96,264.85,259.16,18456700,261.75
255.88,264.24,248.64,52732000,260.93
285.07,285.34,249.87,57008000,256.3
290.6,292.36,284.37,21497200,285.51
285.68,294.11,285.68,21516100,290.59
281.42,286.53,281,11970100,286.39
284.44,286.34,280.98,22612300,281.89
294.12,294.5,285.34,31421500,285.34
296.13,297.09,292.41,32585200,294.35
291.52,297.39,290.51,33963900,296.38
289.86,300.04,289.74,67770800,291.76
274.81,292.7,273.89,59178200,289.61
276.43,277.86,272.57,22067900,274.35
272.29,277.85,270.13,17825900,276.26
275.6,277.61,270.02,28918900,272.72
272.74,281.67,264.77,41302400,276.18
281.99,284.23,268.13,41383000,273.09
275.05,285.8,268.16,50461300,281.7
260.36,276.3,258.31,40465700,275.67
254.28,261.66,245.93,25213700,260.2
253.52,254.69,249.48,13949300,254.26
236.44,256.65,236.44,44013900,253.83
237.34,237.71,234.26,13619400,236.43
238.89,239.34,235.53,11496200,237.47
239,239.9,236.4,14200400,238.74
235.99,240.11,232.42,16400000,238.89
244.54,246.39,233.85,19527000,235.98
243.75,255.32,243.18,12284200,244.53
240.25,247.1,239.3,23876700,243.78
236.41,242.67,235.59,18270500,240.28
243.78,244.25,232.34,25200800,236.33
233.42,245.77,232.31,27363100,243.61
234.82,239.52,229.02,28153700,233.84
257.51,265.61,227.68,56552400,234.82
235.53,259.81,235.53,49732500,257.32
221.97,240.26,221.26,42744400,235.43
219.21,222.2,217.61,15206200,221.76
219.73,223.41,218.07,17201900,219.18
220.28,221.81,215.33,21115100,219.84
223.39,223.98,217.02,27791300,220.11
227.69,229.44,221.08,17145200,223.41
222.63,230.3,222.61,21604200,227.75
216.92,230.51,216.23,24435300,222.27
227.66,239.4,214.73,22516400,217.11
227.51,230.06,221.11,26594300,226.85
237.45,245.96,224.48,40783700,227.27
226.49,242.18,222.66,30612100,238.23
216.87,231.57,212.01,29128500,226.97
226.44,233.5,216.31,23348200,217.46
232.77,242.85,225.84,26605200,226.43
233.35,238.71,220.71,32213400,233.51
263.35,266.54,227.05,44352200,233.91
273.17,275.48,250.65,44399000,263.48
254.08,309.38,254.08,106794000,273.47
247.35,255.07,243.89,33582700,253.72
232.7,248.21,230.02,24782500,247.85
233.52,234.85,225.2,24621700,232.88
227.32,237.02,226.43,33544600,233.41
211.38,227.79,211.21,29924600,226.9
212.91,215.24,205.15,24051100,211.32
211.47,216.73,207.32,18658300,214.86
200.05,218.7,194.51,30085100,210.34
207.83,211.73,194.88,23469700,199.26
209.07,221.59,199.77,38421000,208.1
176.9,229.07,176.9,81773504,209.84
223.89,223.89,171.51,97638704,178.1
267.39,268.28,219.91,72843904,225.86
266.15,272.2,265.2,18880300,267.8
274.61,279.64,265.04,18200800,265.66
287.3,288.13,273.97,15264300,274.8
282.38,291.11,280.53,18718600,290.41
294.14,294.14,282.17,19982500,283.35
286.08,298.75,283.08,24866800,294.34
274.61,287.55,272.7,23245700,286.19
265.08,278.34,265.08,43962800,274.47
281.15,287.23,257.61,55629100,264.2
314.85,315.15,281.08,33054400,281.08
314.08,315.84,313.57,7860650,315.03
320.43,320.43,314,8036550,314.25
310.91,320.19,310.21,13942900,320.19
312.72,314.81,309.37,12528300,310.74
317.7,320.27,312.31,12302500,312.67
316.16,320.03,311.08,11676600,317.24
327.58,328.91,312.63,15185200,315.86
319.15,331.42,316.63,16410500,327.92
322.29,322.67,316.96,9883640,319.01
334.39,334.74,321.36,15092300,322.53
332.02,336.29,329.6,16574200,334.57
321.07,334.12,320.42,22315100,331.89
329.54,329.63,318.9,15207600,320.84
317.62,330.33,316.04,20856700,329.96
311.18,318.53,306.77,23823100,317.84
319.79,323.71,304.23,39173000,311.4
326.86,333.95,315.15,37567900,319.78
345.67,345.86,327.06,30864900,327.06
351.36,351.82,344.93,17264200,345.35
346.73,353.32,345.42,12415200,351.63
352.38,352.38,346.59,11675900,347.38
350.83,352.98,349.29,16989800,352.54
344.34,361.36,338.76,32431300,350.51
352.2,352.38,346.36,16427700,346.36
361.89,363.07,344.95,32915500,352.22
374.96,376.03,361.89,18898700,361.91
374.84,376.29,373.27,6491650,375.1
376.76,378.45,370.95,7009320,374.79
369.44,379.19,365.76,15181800,376.85
375.72,378.65,367.76,14529600,369.6
381.72,383.03,374.35,13340100,375.01
379.25,384.04,377.86,12364100,381.32
378.25,383.66,376.67,11763000,379.24
375.51,382.53,373.31,9194440,378.05
376.15,387.6,372.14,15375600,375.49
369.37,382.84,358.45,22946500,376.45
370.5,373.99,368.28,8748030,369.67
376.02,377.7,365.82,18601700,368.37
376.89,394.7,374.78,25442200,375.35
366.95,387.21,366.67,30930100,376.9
353.17,370.85,353.17,15151600,367.57
351.6,364.84,350.88,15273000,352.92
357.88,357.88,344.11,29850100,350.85
380.31,382.02,356.78,25233200,357.84
373.9,386.48,373.9,18931800,380.55
387.79,392.4,371.12,32222500,375.2
388.35,410.2,377.5,41518800,387.41
374.73,390.8,374.6,11905600,387.88
399.65,405.53,371.01,15727500,376.13
418.42,419.25,384.79,29589200,397.82
427.27,457.09,401.12,58945000,420.73
367.98,429.72,367.98,45783200,423.56
365.86,371.31,363.73,15838900,367.7
362.27,374.82,357.56,30450100,366.92
345.38,363.63,344.26,24205600,363.26
342.15,347.03,342.15,8535470,345.49
349.82,352.73,341.78,16834200,342.42
339.46,352.97,338.42,18797000,349.29
330.68,343.37,330.68,19817200,339.49
327.16,331.77,325.08,15655500,330.49
325.57,334,325.48,12948500,327.55
326.08,329.05,320.63,8603620,325.89
338.65,340.53,321.05,16677200,325.75
345.01,348.05,337.14,12545400,338.32
335.71,350.91,335.07,30177900,345.3
357.09,357.83,335.34,18192700,335.59
353.21,359.98,352.68,7845880,357.62
354.78,358.63,349.81,13033000,352.99
347.49,359.22,343.93,11272500,354.7
358.61,359.86,342.88,18127500,347.27
358.59,364.35,353.3,15585700,358.35
382.96,385.05,356.45,26456900,358.42
386.12,388.58,382.25,11641300,383.16
382.42,392.65,380.83,14188900,386.48
389.23,390.08,378.25,16419000,382.85
391.25,393.94,386.46,5914570,389.55
383.98,395.16,378.97,11416800,391.44
382.76,385.48,375.39,13600700,383.76
394.52,398.81,373.07,26990000,382.56
400.95,402.23,388.77,25267100,394.77
391.69,411.7,391.32,38491500,400.87
377.92,397.23,368.9,35221400,390.41
362.61,379.43,356.14,17552800,378.55
361.36,367.19,355.95,13345200,362.3
364.69,375.07,352.96,43665700,361.56
352.75,382.73,347.69,83641104,365.03
336.12,354.36,327.19,54736300,352.94
330.58,339.25,320.48,49199900,336.19
320.39,345.13,302.56,79011800,330.08
328.92,341.8,289.3,83308096,320.51
359.89,364.49,325.89,47236500,328.87
375.18,377.7,357.86,30901200,359.51
383.99,385.5,372.95,21777700,375.07
387.43,391.38,380.78,26229400,383.61
376.09,390.98,373.44,34707300,386.94
376.93,385.21,372.24,32497700,375.47
399.47,401.02,374.33,23613300,377.18
403.56,406.62,397.37,15029300,399.52
411.43,414.94,400.01,21460800,404.42
423.16,423.52,409.47,26814400,411.57
435.75,436.11,421.13,30627700,423.2
402.09,441.56,396.2,45099500,435.79
399.1,406.92,397.13,24127600,402.15
408.08,412.43,393.18,26580100,398.82
394.67,423.3,389.88,36863600,408.9
424.1,427.83,384.53,37919700,394.8
456.86,456.86,413.1,34483200,424.44
465.86,468.17,452.42,21056800,457.33
474.86,475.64,465.13,16797300,466.06
477.77,478.62,474.02,15345200,475.37
479.12,479.85,476.12,13105500,477.89
477.79,482.12,475.1,15588000,479
479.58,479.63,473.01,15437200,477.75
479.62,482.35,474.61,16852900,479.75
475.48,487.47,475.14,22787800,479.36
474.88,477.38,467.78,21447800,475.26
481.81,489.83,468.79,30238000,474.6
485.13,488.07,482.28,8994050,482.28
483.34,488.6,483,10601400,484.83
489.67,490.64,481.61,15302500,483.34
477.68,493.93,477.09,26081400,489.66
476.87,481.71,476.21,13342200,477.59
474.48,482.99,472.32,23337900,477.43
477.79,485.31,471.91,20432000,474.88
502.9,504.88,474.81,44632300,477.76
508.59,509.31,501.64,9424070,504.25
508.42,511.7,503.82,17624800,508.52
510.88,516.16,506.88,19862000,507.82
512.19,520.71,510.92,22648500,511.15
502.54,512.69,502.54,23235100,511.57
508.22,508.22,499.23,18356700,502.5
498.29,512.89,497.35,19441700,508.29
513.39,514.3,492.11,25171900,498.08
517.58,521.48,501.27,36563900,514.04
510.45,531.9,510.45,49444200,517.24
485.07,518.28,467.51,46527600,511.98
461.48,485.71,455.54,38422400,485.24
491.51,499.37,443.85,50783800,461.46
519.14,520.19,483.63,24300900,491.8
497.83,521.47,487.74,22832500,519.71
511.14,518.18,487.93,25598300,497.01
546.18,546.24,498.73,35803900,505.97
570.38,573.03,532.67,25777500,546.66
576.51,576.95,566.59,13978200,569.64
591.28,591.51,574.05,14764200,576.37
589.17,594.46,587.94,7555310,591.06
592.47,592.47,587.63,7922070,589.37
588.88,598.12,588.79,11072000,592.58
584.65,591.1,584.05,11131400,588.87
585.95,587.49,583.1,14497900,584.65
589.01,589.86,584.1,10790800,585.44
586.23,591.95,583.74,9867570,588.78
588.89,589.15,581.65,9917990,586.67
594.9,594.91,586.16,8359080,589.33
586.2,597.92,583.63,18215900,594.92
567.37,586.23,564.51,22467900,586.23
584.74,585.12,564.9,14898800,567.29
585.55,588.39,581.7,11275400,584.72
594.14,594.57,575.18,19316400,585.69
595.67,598.94,593.43,7774230,593.85
601.54,602.09,593.96,10752900,595.81
601.51,607.07,597.23,12279500,601.09
619.5,620.43,595.57,20917200,601.73
621.12,624.43,618.29,11056600,619.41
622.27,624.3,620.96,9602880,621.55
623.95,624.09,619.11,10711900,622.21
628.56,628.56,622.78,5760120,623.9
629.17,629.17,624.6,7222030,628.52
622.37,629.21,620.47,14158100,628.78
616.54,626.29,608.4,16576700,623.09
622.01,623.09,615.33,13182400,616.8
620,625.14,619.64,10873200,621.59
626.56,627.34,617.32,12706800,619.32
634.22,634.73,624.91,11291000,626.5
631.88,636.66,626.98,13329000,633.71
616.66,632.09,615.77,16467100,632
624.83,626.12,612.35,15880700,616.76
625.22,627,622.6,9819150,624.51
622.57,626.7,620.91,10005500,624.82
635.46,637.16,617.01,17813600,624.09
631.77,638.65,631.16,10080000,635.81
629.95,633.22,628,9105940,631.46
644.65,648.43,629.4,22237200,630.69
650.77,650.77,641.3,18949000,645.16
641.04,656.68,638.34,25768200,650.88
641.39,657.86,640.11,38446300,640.81
602.62,645.16,599.88,46422400,639.8
596.33,604.08,596.16,8897470,602.72
599.08,604.47,595.92,13398100,596.55
581.3,600.12,579.89,20814600,597.26
566.14,581.63,564.73,14655900,581.14
581.81,583.6,565.63,20687700,566.34
593.97,596.97,582.36,14144900,582.36
602.16,603.21,586.34,14053800,593.98
595.9,606,594.63,10877700,602.27
593.68,599.46,587.74,9256290,594.99
597.4,599.75,587.76,18134100,594.15
608.07,612.24,597.02,12803800,598.07
609.77,615.88,604.4,17862000,607.96
591.59,610.89,590.4,18597300,610.86
592.65,608.72,587.07,28677500,592.19
575.93,592.94,554.89,23580900,592.94
600.75,601.27,549.82,38481200,577.36
585.7,615.14,585.7,35700700,600.16
633.43,638.11,573.27,50818800,586.95
653.19,657.04,632.55,25163800,633.02
650.04,659.61,646.56,17913400,653.15
655.64,657.7,644.39,19065400,649.16
654.99,658.88,653.47,8614190,656.14
653.52,656.94,644.91,15855300,654.97
659.28,661.37,652.3,18680100,653.7
641.07,663.53,640.09,29621300,659.26
666.77,668.56,624.09,37731500,641.61
660.55,674.11,650.78,40653700,667.6
629.65,665.5,618.74,45450200,660.62
623.69,671.51,619.91,45259100,630.23
615.69,624.72,604.47,15107100,623.68
568.18,618.46,568.16,31985400,615.33
576.33,577.1,561.6,18707800,568.18
571.91,578.62,564.09,19289000,577.06
582.59,589.52,554.43,38032000,571.24
571.39,588.39,565.33,29959800,583.42
525.23,576.48,525.23,47010300,571.59
521.05,525.17,516.28,11499300,525.14
525.72,541.96,520.08,34934700,520.22
492.05,525.36,490.19,33086500,524.58
485.8,494.37,483.49,14626000,491.77
446.3,491.44,446.01,40327500,485.72
446.08,447.55,443.1,6242620,446.18
448.7,449.77,444.78,2857830,446.26
448.12,451.98,447.3,2945790,448.9
447.39,450.66,444.96,6475100,448.06
444.14,449.8,443.63,7362980,447.25
440.59,446.66,440.5,9472960,443.97
441.53,441.98,436.97,7682670,440.67
438.3,442.26,434.23,7383770,441.46
453.92,455.34,433.4,12251700,438.89
450.46,455.77,448.47,6682600,454.43
440.18,452.69,440.14,10347900,449.46
438.68,448.4,438.14,9446580,440.17
429.34,446.13,428.45,18332200,438.82
433.36,448.04,423.25,12507300,428.96
434.78,440.97,427.62,10004800,433.48
438.52,439.77,430.05,5621260,436.4
449.4,449.4,430.68,9849640,437.76
457.36,457.93,443.4,10394200,449.38
447.63,460.61,447.63,12871800,457.76
446.89,451.1,436.7,15244900,447.64
439.98,451.64,435.18,16401400,447.21
430.72,447.53,422.94,23876600,440.29
457.24,459.33,436.39,10949500,436.39
461.7,464.54,449.1,12214600,458.6
500.09,500.3,442.95,46856500,461.45
490.83,500.46,482.95,13009400,500.46
488.36,493.25,485.82,9814530,491.3
495.45,503.22,487.58,11670900,487.92
497.74,510.57,493.2,15171400,495.77
501.75,510.87,490.84,12103100,498.17
479.58,503.55,470.56,19588200,501.57
495.8,498.6,472.74,19042400,479.64
529.07,533.52,484.87,34025500,495.96
522.18,542.38,502.78,56480100,527.4
458.37,519,453.54,49561000,515.59
414.83,469.75,407.37,50730200,458.79
421.46,427.4,395.25,22493500,414.06
420.89,439.61,415.79,19226500,421.12
363.71,429.77,351.27,62562800,420.95
442.26,443.37,358.73,55868300,365.18
453.18,455.73,441.93,13204400,442.73
447.61,457.42,446.11,10921600,453.09
461.47,462.56,445.12,15616600,449.42
463.4,466.32,452.97,10241400,460.5
446.67,463.57,444.2,13404500,461.91
445.66,454.65,429.09,22925500,447.53
436.44,449.57,414.89,40765500,444.72
479.14,495.05,431.27,49647600,437.14
457,495.34,457,35685800,478.38
462.3,483.02,443.36,28254000,457
492.37,492.37,444.18,42958300,460.27
501.71,504.86,489.73,11147100,491.17
477.14,526.02,473.23,58828300,495.67
580.26,580.56,471.24,62225400,471.24
583.48,590.03,570.96,16401100,580.83
585.03,585.44,572.6,14020100,583.92
562.51,586.56,551.77,22706900,583.41
565.76,570.24,560.88,9288400,561.27
571.18,572.55,554.39,17360700,565.04
588.29,604.59,561.81,38414100,571.49
609.74,609.74,587.49,20572900,588.77
613.9,622,609.1,14228900,609.89
621.84,622.39,603.8,24011500,614.83
630.92,632.68,616.85,14648200,622.37
636.5,637.52,628.11,5277290,631.11
629.37,639.14,627.3,4342080,636.12
638.14,639.53,627.21,11913800,628.8
633.62,644.2,630.85,11634900,638.14
631.91,648.03,629.51,18621200,632.1
627.95,638.42,618.84,11732500,634.11
636.33,644.76,615.02,20639800,627.79
616.31,643.95,612.35,15396500,636.96
629.66,635.14,604.46,18654200,617.45
664.31,665.34,616.35,34150800,629.15
664.52,669.77,649.79,16068100,663.86
666.24,674.28,646.28,22461900,665.51
668.24,696.22,655.68,55344600,666.78
562.56,702.91,560.52,96056896,667.76
567.23,570.48,553.27,7950760,559.79
549.92,573.38,539.29,18668100,565.61
579.7,584.14,545.17,28076100,549.26
581.65,594.05,566.62,25540800,578.77
537.04,603.8,532.58,64642700,582.69
540.24,541.38,420.41,126314000,538.71
606.04,607.61,538.7,57893900,546.32
606.47,639.91,599.7,31434400,605.82
574.24,614.48,558.58,31254000,605.42
556.88,582.96,530.47,47308100,574.16
623.09,627.73,556.14,46905000,556.14
625.97,631.77,618.7,13897800,623.03
627.16,645.76,612.54,20015100,626.6
614.23,656.95,607.31,31948400,626.27
651.3,665.1,584.17,40061700,616.63
660.9,661.84,632.84,26709200,650.92
601.17,691.72,541.04,102506000,661.99
651.08,657.99,601.91,38588100,605.24
672.38,672.9,643.04,25367600,651.72
683.5,712.46,636.66,72745200,672.17
681.32,703.71,550.5,112758000,681.03
671.46,712.27,655.25,39311400,682.9
699.57,721.82,661.87,38742600,673.92
783.2,783.2,654.35,113643000,712.4
815.59,819.81,770.59,50108700,781.55
829.96,837.32,811.91,22395100,811.91
823.77,840.17,820.94,16609700,827.96
824.08,826.48,807.22,13940100,823.83
832.9,844.72,820.67,11300900,825.37
828.61,853.52,827.11,19668700,832.58
818.43,831.87,812.6,17107900,829.92
826.02,830.5,799.06,29918200,819.03
809.96,836.87,809.85,17984400,826
774.02,832.5,766.98,44875500,812.51
884.6,893,757.11,49233600,771.39
853.68,897.02,844.86,32224300,885.28
796.24,861.45,792.96,24303900,853.61
822.43,822.43,783.58,34912000,797.07
845.46,851.57,819.32,15607100,822.04
867.21,870.15,837.36,18453700,845.59
869.65,881.2,855.93,18997300,863.91
871.39,886.39,853.87,27652700,870.2
839.66,870.96,825.53,24365700,870.96
816.07,841.49,816.07,18052700,840
834.49,842.91,797.63,39031700,814.64
860.29,866.16,835.63,19149300,835.63
833.12,872.81,830.86,28107200,860.9
843.17,855.69,825.66,20829800,833.27
860.19,861.29,806.05,45580900,841.2
919.6,928.52,851.17,39623500,863.22
867.32,921.48,861.72,44754200,913.95
846.69,871.19,822.6,31876800,868.48
841.47,864.36,804.14,59998600,846.86
795.99,870.68,776.18,74175600,842.72
946.49,965.74,802,81311696,802
936.05,1017.12,905.71,85565696,953.29
858.55,952.4,854.52,72898496,933.53
823.27,859.51,801.67,38005000,859.51
802.85,834.15,789.12,37810100,818.72
773.44,820.31,767.21,38489500,802.39
754.97,775.35,754.97,22489400,771.4
760.32,760.58,738.17,20897300,754.01
741.35,766.6,740.24,20707700,756.13
728.05,748.61,714.44,19011300,745.05
737.98,747.06,705.35,32505800,727.83
763.28,777.51,713.6,46862700,735.07